"Lebel,Tweet"
"Positif,ada acara tunjuk ijin satgas covid"
"Positif,ada diaspora sebar indonesia nilai menteri bumn dpt salah faktor bantu pulih ekonomi indonesia pasca pandemi covid denganetmerdekaberdaulat"
"Positif,adik sd negeri tanjak iii lawan covid varian harap vaksin bs sekolah"
"Negatif,ah aja yg lewat mikirnya tuh sdg ngomong ngadepin virus dewa covid"
"Positif,airlangga akselerasi vaksinasi disiplin prokes kunci kendali covid sindonews bukanberitabiasa"
"Negatif,ajar guru papar covid diskes pekanbaru gejala ringan"
"Negatif,aktif covid belu tambah pasien tinggal"
"Positif,ampuh tangkal virus covid kuat imun teliti ungkap minum kopi bukti turun risiko tular virus covid"
"Positif,anak positif covid mohon isolasi rumah bawa penting pantau anak anak nampak lemah mahu makan nafas laju tunggu lama bawa hospital"
"Negatif,anak serang flu pilek pandemi covid tangan celebritiesdotid infocelebterkini"
"Negatif,anda negara yg inisiatif menkreasikan paspor bentuk kartu konten kolaborasi data imigrasi data sehat lawan covid jalan bangsa negara"
"Negatif,anggap situasi covid persipura jayapura ancam kalah wo"
"Positif,anggota babinsa terima harga dedikasi komitmen tangan covid"
"Positi,anggota dpr dukung perintah hati ubah status pandemi covid"
"Positif,anggota koramil kemusu sana satgas covid kec kemusu melaksanskan awas prokes ptm sd n bawu kec kemusukab boyolali"
"Positif,anggota koramil nogosari terima arah bimbing jam komandan koramil kapten inf warisno kait kembang covid wilayah kec nogosari"
"Negatif,anggota polres situbondo konfirmasi covid varian omicron"
"Positif,antisipasi sebar virus covid personil polsek manuhing rutin operasi yustisi giat posko ppkm"
"Negatif,aq positive covid kak chita semangat in takut bgt"
"Negatif,artis jessica iskandar positif covid kondisi hamil dokter hamil papar covid rentan alami gejala berat"
"Positif,atus liput vaksinasi ikut jenis sekolah vaksin covid lindung anak gejala serius covid lindung pickids"
"Negatif,australia buka batas internasional kali tutup akibat pandemi covid australia"
"Positif,ayo disiplin prokes senantiasa hindar papar virus covid personil satlantas polres taban himbauan prokes pasar diri taban"
"Positif,ayo lawan covid masker cuci tangan jaga jarak semangat sehat"
"Positif,babinsa koramil kebonarum kodim klaten serda susilo wahyu purnomo satgas covid tingkat desa laksana giat tracing edukasi warga bina laksana isoman kodimklaten koremsolo"
"Positif,babinsa koramil nogosari warga jual es keliling pakai masker interaksi masyarakat meminimalisir tular virus covid"
"Positif,babinsa koramil tl kodim dairi himbau warga masyarakat patuh prokes covid"
"Negatif,bahas isu global kini perhati pulih ekonomi global lanjut laju beda negara momentum lemah akibat varian covid rebak"
"Negatif,bandar lampung hari positif covid provinsi lampung catat senin tambah orang tinggal dunia baca lengkap"
"Positif,bantu dukung masyarakat pelosok indonesia oleh hak genap dosis vaksin covid"
"Positif,batuk-pilek pasien covid varian omicron keluh gejala cerna mual diare hubung omicron"
"Negatif,benar perintah tunggak rs covid rp triliun menkes bayar"
"Negatif,benar perintah tunggak rs covid rp triliun menkes bayar serba hutang"
"Negatif,berita populer tren februari pedulilindungi hilang app store mobil wewah tenggelam tingkat gejala covid"
"Negatif,bicara bahas tangan pandemi covid dukung adb transisi energi indonesia"
"Negatif,bill gates covid kendali pandemi patogen beda"
"Positif,blora babinsa desa tempurejo anggota koramil blora bhabinkamtibmas polsek blora bidan desa sinergi uptd puskesmas medang sukses program vaksinasi covid sinovac anak usia s d th selasa"
"Negatif,bri liga persipura hadir stadion sinyalir main positif covid sesuai regulasi"
"Positif,bupati bogor ade yasin aku tular covid varian omicron masif wilayah banding tular delta"
"Negatif,capai vaksinasi wilayah bawah banyak covid varian omicron serang lansia bosan ingat terap protokol sehat utama perhati"
"Negatif,cegah sebar covid ditpolairud polda banten bagi ratus masker pesisir jogjogan"
"Negatif,cegah sebar covid iain parepare terap wfh total"
"Positif,cegah sebar covid kbt kodim ponorogo beramai-ramai suntik vaksin booster"
"Positif,cegah sebar covid vaksin booster vaksin lansia genjot"
"Positif,cegah tekan sebar covid kabupaten blora tim gabung tni polri satpol pp terjun langsung rutin turun jalan publik laksana edukasi woro woro m gakplin ppkm level malam jl mr iskandar"
"Positif,cegah tular varian covid vaksinasi disiplin patuh prokes"
"Positif,cegah tular varian covid vaksinasi disiplin patuh prokes m nusantara satu indonesia"
"Positif,cepat vaksinasi target capai dosis khusus banten"
"Positif,cirebon kawasan goa sunyaragi bebas virus covid elemen masyarakat semprot disinfektan lokasi senin"
"Negatif,clear periksa ulang cegah pasien covid campur noncovid prosedur mengcovidkan pasien notabene standar emas diagnosis covid ya pcr akurasi acu"
"Positif,covid dki jakarta lewat puncak gelombang omicron kasus landai tingkat sembuh alami tingkat"
"Positif,covid hilang mari sukses vaksinasi presisi polresta banyumas wujud kabupaten banyumas capai herd immunity vaksin masyarakat sehat kuat produktif"
"Positif,covid indonesia hasrat lancar vaksin covid buat ogos fasa uji klinikal vaksin jalan video penuh"
"Negatif,covid kota madiun tingkat signifikan"
"Negatif,covid lonjak sekat yogyakarta"
"Negatif,covid lonjak tanggal februari kuningan krisis center catat warga jalan karantina"
"Negatif,covid manggarai tambah dominasi anak sd"
"Negatif,covid reda omicron udah muncul aja"
"Positif,covid ri lapor turun angka isi pasien covid rumah sakit rs angka persen"
"Positif,covid sebar ruang tutup lupa ventilasi jendela"
"Positif,covid sebar ruang tutup lupa ventilasi jendela"
"Positif,curup info lacrele pasti tugas kondisi papar covid klinik lembaga masyarakat kelas iia curup laksana rapid test antigen tugas senin"
"Negatif,dana menkes bayar tunggak klaim covid"
"Positif,dapat rawat alami sesak nafas lesu teruk ikut gejala sakit covid menangbersama lindungdirilindungsemua keluargamalaysia jabatanpenerangan"
"Negatif,dashboard infografik februari status kini kategori kes klinikal kapasiti guna katil hospital covid"
"Negatif,data pantau peta sebar covid kabupaten jember senin februari update informasi covid jawa timur akses link kunjung link"
"Negatif,debut besok kyujin nmixx positif covid"
"Negatif,dinas sehat kota tangerang lapor covid senin"
"Negatif,dinkes kota tangerang turun hari covid sindonews bukanberitabiasa"
"Negatif,direktur operasional liga indonesia lib sudjarno hadir tim persipura jayapura laga tunda pekan liga indonesia stadion kapten i wayan dipta gianyar bal senin jadi kait covid"
"Positif,disiplin laku protokol sehat m apa giat terap m utama wajib laku putus mata rantai sebar covid"
"Positif,disiplin prokes pola hidup sehat lindung keluarga covid"
"Positif,disiplin protokol sehat lindung keluarga hindar varian covid nusantara satu indonesia"
"Positif,disiplin protokol sehat lindung keluarga varian covid"
"Positif,disiplin protokol sehat lindung keluarga varian covid nusantara satu indonesia"
"Positif,diskominfo banda aceh forkopimda satgas covid ketat laksana prokes banda aceh"
"Negatif,dlm laman who ttg aman vaksin utk tanggulang kipi vaksin covid kandung ethyl mercury"
"Positif,dokter rsnd undipi vaksin covid lindung anak"
"Negatif,dukacita maklum pegawai sah positif covid warga kerja pusat khidmat dun ketar jalan kuarantin kendiri pusat khidmat dun ketar mohon maaf sulit mohon"
"Positif,dukung bin pemkab sidrap maksimal vaksinasi covid"
"Positif,ekonomi ri pulih duluan vovid bareng as china kabar ekonomi indonesia"
"Positif,ekspansi bisnis internasional tri bumn bni sasar jt diaspora diaspora salah faktor kunci bantu pulih ekonomi indonesia pasca pandemi covid denganetmerdekaberdaulat"
"Positif,emang ya data pribadi pasien positive covid puskesmas kirim lurah lurah kirim publik warga dampak izin keluarga yg positif covid mohon pencerahanya"
"Negatif,era jokowi presiden kondisi ekonomi banyak rakyat cilik ruwet ya salah rakyat cilik aja betah kibul slogan pro cilik ala gerombol maling dana bansos covid"
"Positif,erick thohir ada juta diaspora indonesia dunia bs mnjadi salah faktor kunci dlm bantu pulih ekonomi indonesia pasca covid bni fokus sasar juta diaspora u ekspansi bisnis internasional denganetmerdekaberdaulat"
"Negatif,erick thohir ingat masyarakat panik waspada kemenkes klo udah vaksin papar omicron gejala ringan utama waspada taat prokes ketat denganetmerdekaberdaulat"
"Negatif,erick thohir program mekaar juta nasabah juta nasabah juta nasabah pandemi covid denganetmerdekaberdaulat"
"Negatif,fda tunda izin vaksin covid anak"
"Negatif,fenomena pola tingkat covid triwulan iii ayodukungkemajuannkri"
"Positif,fokus tangan covid gub ingat kades bidan kontrol sehat hamil desa kait potensi stunting rembug desa kades bupati satgas covid selasa"
"Negatif,gabung pilar kec genuk laksana giat ppkm level menghimbau masyarakat patuh protokol sehat mana cegah sebar virus covid"
"Negatif,gawat warga kota bandung papar covid"
"Negatif,gejala covid varian omicron emang banget gejala flu orang kadang gak sadar tular omicron anggap kayak flu isoman lakuin obat rumah ringan gejala omicron cekidot"
"Negatif,gejala gatal tenggorok swab positif covid qadarullah pilih inang si virus kali keep healhty and stay happy imun booster ramu vitd vitc covid lawancovid"
"Negatif,gejala rasa tubuh positif papar omicron flu tanda cek bunda"
"Negatif,gelap ganteng v bts sapa manis army isoman covid"
"Negatif,gelombang tiga covid pasuk indonesia masyarakat imbau vaksinasi booster yuk cari syarat vaksin booster covid"
"Positif,gerai vaksin presisi polres kubu raya gerai vaksinasi masal vaksin covid selasa februari wib lokasi lapang futsal andika parit masigi sungai ambawang jenis vaksin sinovak astra zeneca"
"Negatif,giat anggota patroli aiptu satidjo laksana sambang mukim jl duduk menghimbau dagang patuh prokes covid layan konsumen jagajaktimrumahkita jagakramatjatikampungkita"
"Positif,giat atur arus lintas simpang catus pata singaraja pantau kendali lancar mari pelopor selamat lintas patuh taat atur lintas patuh protokol sehat covid"
"Positif,giat cegah sebar virus covid wilayah camat bangli tni ad disiplinprokes vaksinasicovid bersamarakyattnikuat infobabinsa"
"Positif,giat laku mandiri tugas deteksi papar covid alhamdulillah tugas kondisi prima kalapas curup bambang wijanarko"
"Negatif,giat rapid antigen tugas klinik lapas kelas iia curup tugas deteksi tugas papar covid"
"Negatif,giat yustisi satlantas polres hst bagi masker himbauan msyarakat tekan angka sebar virus covid kab hst disiplin masyarakat patuh protokol sehat"
"Positif,gibran beri isolasi nakes papar covid pantau sehat"
"Positif,gubernur jawa timur khofifah indar parawansa tangan pandemi covid patut acung jempol inovasi kampung tangguh cipta satu kecil bas partisipasi masyarakat bergotong royong tangan covid apresiasi"
"Positif,hai kak mohon maaf ketidaknyamanannya ubah jalan laku ppkm level upaya kurang sebar covid terima kasih erti jaga sehat ya kak"
"Positif,hallo kawan jm patuh protokol sehat putus sebar covid kawan jm aktivitas mana lupa m ya yuk cegah sebar covid"
"Negatif,hari covid kota pekanbaru februari pasien tinggal dunia"
"Negatif,hari covid kota solo omicron terus alami tingkat kasusdinas sehat kota surakarta catat warga solo konfirmasi positif covid varian omicron isolasi mandiri rumah ptm"
"Negatif,hari mati akibat covid jakarta februari"
"Negatif,hari positif covid provinsi lampung catat senin tambah orang tinggal dunia publisherstory"
"Positif,hasil riset asli orang indonesia vaksin sdh publikasi jurnal ilmiah internasional prof chairul nidom"
"Positif,hasil riset asli orang indonesia vaksin sdh publikasi jurnal ilmiah internasional prof chairul nidom hiv salah virus vaksin"
"Negatif,hasil swab rapid antigen negatif ya tes tes antigen pcr jalan sakit gejala covid usia minggu virus tambah deteksi"
"Negatif,hasil tes positif covid masyarakat konsultasi layan sedia kemenkes ri jalan isolasi mandiri"
"Negatif,hubung lulus era covid sekolah bawa hp lulus senang dokumentasi"
"Positif,indonesia dorong kerja antarototitas pajak kerja internasional bidang transparasi paja eoi akselerasi mobilisasi dapat domestik pulih ekonomi akibat pandemi covid lengkap"
"Positif,info lokasi vaksin covid jogja pekan lur"
"Positif,info vaksinasi covid selasa infovaksinpku vaksinboosterpku"
"Positif,infografik covid kitajagakita kes positif covid ikut negeri februari takat jam malam"
"Negatif,infografik mati hamil akibat komplikasi covid sahih berita rtm rtm beritartm covidmalaysia lindungdirilindungsemua"
"Positif,inggris cabut atur batas covid"
"Positif,inmendagri siap cegah tanggulang covid motogp ayodukungkemajuannkri"
"Negatif,ironi negeri kaya sawit rakyat dorong rebut minyak goreng ironi antisipasi yg bbrp atas covid ikn jhtlaporan kpk dll kasihan mrk rakyat nkri"
"Positif,irwasum mabes polri dukung polda lampung putus rantai sebar covid"
"Positif,istilah varian virus covid"
"Positif,its sedia isolasi mandiri mahasiswa papar covid okezone edukasi"
"Positif,jajar polsek kebon jeruk pimpin kapolsek kebon jeruk kompol h slamet r sh mm laksana mobile vaksinasi booster presisi dpc ldii kebon jeruk jakarta barat giat vaksinasi booster upaya doble cover tangan covid wilkum polsek kebon jeruk"
"Positif,jasa sehat sektor tumbuh pandemi covid"
"Positif,jelang umum ppkm covid turun yakin tanda puncak omicron lewat hitung pakar"
"Negatif,jogja raya ppkm level kendati omicron wilayah tinggi ada kota jawa level tara zona merah covid yakni kota tegal kota magelang di jawa barat kota level kota cirebon"
"Negatif,johnson wajib isolasi mandiri warga positif covid kamis"
"Positif,jokowi langkah mitigasi"
"Positif,jokowi risiko mati akibat covid tekan minimal"
"Positif,jokowi sri mulyani selesai tagih rs pasien covid rp triliun"
"Positif,jubir satgas covid sumbar sebut asal padang"
"Negatif,justin kecewa sehat selamat kru gemar prioritas nomor"
"Positif,kabar hari covid tangerang tunjuk tren turun dil"
"Positif,kabar kembang covid dki jakarta corona jakarta alami tren turun puncak lewat"
"Negatif,kabupaten kota status zona oranye risiko sebar covid zonaoranye"
"Positif,kai komitmen cegah sebar covid terap prokes ketat tumpang ka wajib vaksin wajib skrining rt pcr rapid test antigen jalan ka antarkota trims"
"Negatif,kak ngebatalin jalan krn tumpang konfirmasi covid wa kali kali balas"
"Positif,kali aktif turun hari covid turun tajam ribu ribu orang sembuh sayang tinggal banding kemarin provinsi ribu jakarta turun ribu"
"Positif,kantor orang positif covid positivy rate gejala batuk filek isoman sembuh vaksinasi x"
"Positif,kapolsek betung menghimbau warga patuh protokol sehat pakai masker cegah sebar virus covid"
"Negatif,kaum orba main cantik persis covid bunga teratai muka banjir"
"Positif,kawanpajak lapor spt tahun sembari diam rumah cegah tranmisi virus covid omicron sehat ya kawanpajak"
"Positif,kemenag sulbar imbau warga pengaruh hoaks vaksin covid nusantara satu indonesia"
"Positif,kemenkes ri sedia layan telemedisin obat gratis pasien covid simak infografis"
"Positif,kemenkes sedia telekonsultasi paket obat gratis pasien covid jalan isoman layan pasien covid gejala gejala ringan prosedur"
"Positif,kepala dinkes kota tangerang tangerang anggraeini turun hari covid kurun tujuh"
"Negatif,kes covid kalang hamil lapor march jan lapor kes mati hamil sebab komplikasi jangkit covid pandemik mana semua mati laku"
"Positif,ketua satgas vaksinasi-prokes upaya komprehensif antisipasi covid nusantara satu indonesia"
"Positif,kisah sukses anak driver ojol konsultan vaksinasi covid who kisah suk"
"Negatif,kkm terima lapor penuh forensik patologi hubung mati remaja umur dakwa tinggal dunia lepas terima vaksinasi covid"
"Positif,klaim program vaksin covid sukses perintah inggris umum negara hidup damping covid"
"Positif,kominfo turun konten hoaks vaksin covid kominfo lapor temu hoaks putar vaksin covid senin temu hoaks sebar media sosial sebar capai konten"
"Negatif,kondisi objektif ekonomi rakyat indonesia hancur lebur akibat pandemi covid rakyat tatih pulih sedia"
"Positif,konfirmasi covid turun signifikan disiplin prokes vaksinasi nusantara satu indonesia"
"Positif,konfirmasi covid turun signifikan perintah imbau disiplin prokes vaksinasi nusantara satu indonesia"
"Negatif,konfirmasi konser seoul s olympic stadium tuju k orang konser besar covid total rb orang masuk bts milik kali sesi nyanyi"
"Negatif,konon dampak berat covid persen masyarakat khawatir papar omicron"
"Positif,koordinasi babinsa kades bidan desa pojok laksana vaksinasi covid masyarakat ds pojok kec nogosari polindes ds pojok"
"Positif,koramil tembuku tim nakes lacak sebar covid tracing tes swab pcr wilayah kec tembuku kab bangli senin tni ad disiplinprokes bersamarakyattnikuat infobabinsa"
"Negatif,korban covid geletak jalan akting belaka"
"Negatif,kota kabupaten jawa timur level level edar internetada kota level tara zona merah covid kota madiun omicron kota jawa timur"
"Negatif,kota tasik lebih aktif covid"
"Negatif,kpd covid sy sbg rakyat mrasa resah deng tindak tanduk prilaku ngana pe nama covid sana ngana pe nama omicron pulau sbrang pe nama delta tolong jdlah firus yg tau jgn an kek teroris yg pake nama samar tolong"
"Positif,ksp moeldoko tekan cepat vaksinasi anak usia th krn blm capai target susul tingkat covid pd anak ksp moeldoko"
"Negatif,laga persipura vs madura united gagal gelar lib covid"
"Negatif,laga persipura vs madura united gagal gelar pt lib beda tes pcr covid kumparanbola"
"Positif,laksana aman awal giat beri bantu sembakopenyemprotan disenfektantracking contact suspek covid keluarga desa melati jaya kec dawai timur kab okutimur prov sumsel dokumentasi desa polpp"
"Positif,laksana giat operasi yustisi rangka upaya tindak langgar protokol sehat cegah sebar covid"
"Positif,laksana layan samsat polres buol patuh prokes covid satlantaspolresbuol tetappatuhiprotokolkesehatan"
"Negatif,laku atur ketat kali lockdown nasional hidup corona resmi inggris isoman tiada contact tracing hapus skotlandia wales irlandia susul cc"
"Positif,lapas potensi kantong donor plasma konvalesen lapas purwokerto bagus isolasi mandiri papar covid sembuh koordinasi udd pmi banyumas donor"
"Negatif,lapor keras suara toa masjid nu indonesia sebar virus covid bikin sakit telinga telinga tuli sakit jantung kanker otak tumor otak polusi suara radioaktif dll"
"Negatif,lapor keras suara toa masjid nu surabaya sebar virus covid bikin sakit telinga telinga tuli sakit jantung kanker otak tumor otak polusi suara radioaktif dll"
"Negatif,lapor temu hoax putar vaksin covid turun konten hoax vaksin covid"
"Positif,lawan covid taat prokes covid serang pandang usia benteng vaksin taat prokes"
"Negatif,lelah bosan trs vaksinasi covid dampak vaksinasi rasa anda infeksi covid resiko mati diminimalisir vaksinasi imun tubuh virus covid tambah kuat"
"Positif,lindung covid pakai masker"
"Positif,lindung vaksinasi covid polriadaptasikebiasaanbaru polriuntukindonesia polricegahcovid presisi komunikatif polres singkawang salam jkk"
"Positif,lokasi jadwal vaksinasi covid primer booster dki jakarta februari"
"Negatif,lonjak covid kalimantan selatan picu tular varian omicron capai puncak kendali mobilitas duduk disiplin prokes akselerasi vaksinasi sehat adadikompas"
"Positif,luhut binsar panjaitan umum informasi perihal tangan pandemi covid wilayah jawa bal merahputihcom luhutbinsarpandjaitan covid"
"Positif,lur yok jaga jaga keluarga kurang kerumun papar covid anjur gub"
"Positif,lurah sungai ukai pekanbaru aman covid"
"Negatif,main papar covid paksa lanjut tanding sisa main kiper memang kiper striker liga indonesia mudah kantong rupiah jalan salamolahraga bravopersipura"
"Positif,main peran tanggungjawab putus rantai covid mari jalan tanggungjawab buletinfm covid lindungdirilindungsemua sumber"
"Negatif,makan minum hindar pasien covid isoman makan minum parah kondisi"
"Negatif,makna yg ajar covid ajar manusia rendah diritidak yg kuasa tuhan yg esa kurang bicara yg gosip aib"
"Positif,mall pusat belanja wajib milik satgas prokes cegah covid"
"Positif,mari disiplin patuh protokol sehat moga pandemi covid"
"Positif,mari peran aktif tekan laju tular covid varian omicron indonesiavsomicron omicron varianomicron weloveyoulucas euphoria yangyang ikatancintaep"
"Positif,mari putus rantai sebar covid terap perilaku hidup bersih sehat phbs terap m pakai masker cuci tangan jaga jarak hindar kerumun kurang mobilitas"
"Positif,masyarakat disiplin jaga protokol sehat hindar varian covid nusantara satu indonesia"
"Negatif,mayoritas pasien covid indonesia tinggal dunia vaksin lengkap komorbid komorbiditas"
"Negatif,mayoritas warga tuju rencana laku ajar tatap muka ptm sekolah persen rizka"
"Positif,membudidayakan pintar kuliah era pandemi covid"
"Positif,menkes budi gunadi sadikin perintah selesai klaim layan pasien covid rp triliun"
"Negatif,menkes covid provinsi lampau gelombang delta sumut"
"Negatif,menkes ingat puncak mati covid prediksi"
"Negatif,menkes perintah bayar rp triliun tunggak klaim covid rs"
"Negatif,menkes perintah tuntas klaim layan covid"
"Negatif,menkes rapi jual-beli alat tes antigen covid lapak online izin tes covid rumah negara"
"Positif,menteri bumn apresiasi nasabah pt modal nasional madani bina ekonomi keluarga sejahtera pnm mekaar hasil buka juta lapang kerja desa pandemi covid denganetmerdekaberdaulat"
"Positif,menteri bumn erick thohir dukung upaya umkm lampung utara utk bangkit dr dampak pandemi covid dgn bantu mesin bordir yg kirim rumah bumn lampung utara hasil bantu umkm dampak pandemi denganetmerdekaberdaulat"
"Positif,menteri bumn erick thohir ekspansi bisnis internasional bni sasar juta diaspora pandemi covid sperti skarang bank bni utama ekosistem internasional sbagai bentuk pulih ekonomi indonesia mantoooeelll denganetmerdekaberdaulat"
"Positif,menteri bumn erick thohir jt diaspora dunia hrs modal bank bni dlm penting dlm ekosistem bisnis internasional kuat diaspora dpt faktor kunci dlm pulih ekonomi pasca covid denganetmerdekaberdaulat"
"Positif,menteri bumn prediksi kuda hitam pilpres dgn konsep filosofi kopi yg utk kondisi masyarakat indonesia mana ekonomi puruk hantam badai pandemi covid denganetmerdekaberdaulat"
"Negatif,menteri koordinator menko bidang ekonomi airlangga hartarto puncak covid varian omicron minggu tengah maret"
"Negatif,menteri sehat budi gunadi sadikin janji menteri bayar tunggak biaya tangan covid periode rp triliun sumber"
"Negatif,menteri sehat tunggak klaim rumah sakit kait covid insentif tenaga sehat nakes menteri sehat ri budi gunadi sadikin tunggak insentif nakes bayar"
"Positif,minggu orang infeksi covid inggris wajib isolasi"
"Positif,mlksankn piket koramil srk rubimin anggota koramil weru anggota polsek weru bs sempat laksana himbauan prokes bagi masker tekan sebar virus covid"
"Negatif,moga dengar langsung masyarakat vaksin tolak vaksin vaksin jatah ajak masyarakat vaksin imun tubuh covid kalah"
"Positif,moga diaspora bantu tingkat ekonomi indonesia pasca pandemi covid erick thohir denganetmerdekaberdaulat"
"Positif,moga pasien covid sekembuhan aamiin covidindonesia"
"Positif,moga turun"
"Negatif,mudah naik derita covid"
"Negatif,nakes positif covid layan rawat inap puskesmas rongkop tutup covid"
"Negatif,negara ko sulit keaaan rakyat saat pandemic covid orang butuh duit beli beras kg"
"Positif,new prokes jalan negeri terbit satgas covid nusantara satu indonesia"
"Negatif,operator kompetisi pt liga indonesia lib absen persipura jadi covid"
"Positif,ops gabung laksana ppkm level putus mata rantai sebar virus covid wilayah hukum polsek kramatjati jakarta timur jagajaktimrumahkita jagakramatjatikampungkita"
"Positif,orang jakarta suntik vaksin booster covid okezone megapolitan"
"Positif,orang jakarta suntik vaksin booster covid untu"
"Negatif,orang omicron picu gejala ringan flu bahaya kelompok rentan anggap enteng kenal gejala utama omicron langkah tangan yg meminimalisir risiko parah mati akibat infeksi covid lawancovid"
"Negatif,orang papar covid langkah cepat smp santo pius x lewoleba guru siswa"
"Negatif,orang positif covid risiko kali kena omicron"
"Positif,orang vaksin covid laksana satgas apresiasi antusiasme warga download aplikasi tribunnews update berita baru dapat android"
"Negatif,p dr demam sakit badan letih dah kali saliva test negatif pcr negatif covid kah dr ruam badan tangan p dr"
"Positif,pagelaran wayang izin satgas covid"
"Negatif,pandemi covid sebab utama yg dunia arus logistik ganggu minta turun produksi kurang samping krisis energi uni eropa tiongkok india"
"Negatif,pandu isolasi mandiri si buah hati tercintaaa bunda ayah panik gelisah si buah hati gejala virus covid yap nih mimin saji pandu isolasi si buah hati bunda ayah dukung"
"Positif,panglima tni periode nilai kolaborasi perintah swasta cepat vaksinasi anak usia tingkat covid anak"
"Negatif,papar covid dakwa unlawful killing laskar fpi jalan sidang tuntut besok"
"Positif,pasien covid isolasi mandiri isoman layan telemedisin hubung whatsapp kemenkes ri nomor simak jelas kabarkabinet"
"Negatif,pasien covid sulbar tambah orang"
"Negatif,pasien covid yogyakarta tambah total okezone news"
"Negatif,pasien konfirmasi positif covid dapat status hitam pedulilindungi"
"Positif,patroli masif alfamidi jl gajah raya kel gayamsari kec gayamsari kota semarang himbau patuh prokes cegah sebar covid tertib m"
"Positif,patuh sop fasa penguatkuasaan sop air negeri sabah ronda agen basmi covid abc pantau patuh sop ops sanitasi"
"Positif,peduli sehat masyarakat ditbinmas polda banten bagi masker edukasi tangkal sebar covid"
"Positif,penkodiklatau dukung program perintah cegah sebar covid personel makodiklatau senin laksana periksa swab antigen kala satkes kodiklatau"
"Negatif,perhati daftar obat pasien covid daftar obat tarik ingkar pasien mati racun obat mati covid dominan mayoritas rumah sakit jalan tengah populasi"
"Positif,perintah benah atur jual alat tes antigen covid platform digital baik tata kelola kendali covid fokus"
"Positif,perintah hasil tingkat tumbuh ekonomi infrastruktur hasil atas pandemi covid nusantara satu indonesia"
"Positif,perintah kota yogyakarta prioritas warga asli huni selter bener khawatir habis selter"
"Negatif,perintah laku ppkm tekan sebar covid nusantara satu indonesia"
"Positif,perintah laku serta bpjs sehat syarat akses layan publik paksa tengara tahan potensi defisit uang pasca-pandemi covid perintah upaya"
"Positif,perintah pasti vaksin covid bukti aman uji nusantara satu indonesia"
"Negatif,perintah resmi tetap libur nasional cuti tentu timbang covid libur nasional putus kemenpanrb hariliburnasional"
"Positif,perintah selesai klaim layan pasien covid"
"Positif,perintah sirkuit mandalika tampung tonton ribu orang indonesia kungkung pandemi covid perintah instruksi menteri ayodukungkemajuannkri"
"Positif,perintah tetap pandemi endemi"
"Positif,perintah vaksinasi covid anak usia dilak"
"Negatif,pers polsek kualuh hulu laksana patroli ops yustisi gabung koramil ak wilayah hukum polsek kualuh hulu rangka antisipasi sebar virus covid senin pkl wib"
"Negatif,persen mati covid balita"
"Negatif,persen pasien tinggal vaksinasi dosis lengkap"
"Negatif,persipura dadak urung tanding vs madura united stadion main persipura bukti negatif covid penuh pasal ayat pt lib putus sikap persipura"
"Negatif,persipura wo kontra madura united lib pasti covid persipura"
"Positif,personil polsek rendang laksana patroli malam cegah ganggu kamtibmas himbauan prokes antisipasi luas sebar covid"
"Positif,pm inggris cabut atur batas covid"
"Negatif,polisi resor kota polresta malang kota periksa kait lancong wisatawan aku papar virus corona aktivitas wisata kota malang jawa timur"
"Positif,polres metro bekas ipda rudiyanto anggota piket fungsi polsek babelan laksana woro woro himbauan protokol sehat masker putus sebar covid taman balen kec babelan senin divhumaspolri humaspmj humaspolresmetrobekasi"
"Positif,polresta banyumas instansi kait laksana vaksinasi presisi pasar manis purwokerto cepat vaksinasi covid kabupaten banyumas banyumas herd immunity ayo dulur sing urung vaksin vaksin ben masyarakat banyumas sehat"
"Positif,polresta banyumas instansi kait laksana vaksinasi presisi pasar manis purwokerto cepat vaksinasi covid kabupaten banyumas banyumas herd immunity ayo dulur sing urung vaksin vaksin ben masyarakat banyumas sehat kuat"
"Positif,polsek cilincing unsur pilar laksana giat himbauan protokol sehat masyarakat rangka cegah sebar covid"
"Positif,polsek kebon jeruk selenggara mobile vaksinasi booster halaman pd pasar jaya pesing lurah kedoya utara senin giat vaksin booster presisi salah inovasi intervensi polri kait tangan pandemi covid"
"Positif,polsek cilincing unsur pilar laksana giat himbauan protokol sehat masyarakat rangka cegah sebar covid"
"Positif,polsek kebon jeruk selenggara mobile vaksinasi booster halaman pd pasar jaya pesing lurah kedoya utara senin giat vaksin booster presisi salah inovasi intervensi polri kait tangan pandemi covid"
"Positif,populer air kelapa kenal gudang manfaat sehat hidrasi tubuh minum air kelapa suntik vaksin covid"
"Negatif,positif covid bengkulu tambah"
"Negatif,positif covid pn jember pegawai sakit orang"
"Positif,prakira cuaca magetan pagi february suhu sekitar c update peta sebar covid february wib sembuh positif tinggal"
"Negatif,prediksi puncak covid dasar data februari"
"Positif,presiden cepat vaksinasi prokes kunci kendali omicron sebar covid varian omicron tanah air alami tingkat presiden cepat vaksinasi ketat"
"Positif,presiden jokowi perintah atur jamin tua revisi mudah kerja kena phk pandemi covid menteri kait panggil"
"Positif,presidensi g fokus kuat sistem multilateralism mitra global efektif tuju dunia buka adil untung bangkit tengah pandemi covid momentumgindonesia bangkit pulih"
"Positif,prokes jalan negeri terbit satgas covid nusantara satu indonesia"
"Negatif,provinsi tambah covid pekan merahputihcom covid update"
"Negatif,provinsi tingkat mati tinggi covid februari"
"Negatif,provinsi tingkat sembuh rendah covid februari"
"Negatif,pt lib pssi profesional liga tim sdh rugi dgn abal covid tim untung rugi klarifikasi kalah wo persipura"
"Negatif,putus menaker transmigrasi luka buruh sence of crisis menaker transmigrasi mana rakyat alami sulit hidup akibat pandemi covid yg sulit hidup rakyat tambah"
"Positif,rapat baris kuat sama cegah sebar covid patuh prokes gelora vaksinasi poldamalut malukuutara"
"Positif,rapat komite pulih covid ekonomi daerah wilayah provinsi jawa barat unsur forkopimda tni polri gedung balaikota bekas jl ir h juanda bekas timur senin"
"Positif,rapat koordinasi babinsa bhabinkamtibmas ds glonggong perangkat desa rangka bahas cegah covid wilayah ds glonggong kec nogosari"
"Positif,rindu hidup covid"
"Positif,rp triliun bayar kemenkes rumah sakit biaya layan pasien covid kumparannews"
"Negatif,rumah sakit daerah kalisari kabupaten batang jawa pek isolasi pasien konfirmasi covid"
"Positif,sahroni dukung perintah hati ambil putus ubah status covid indonesia pandemi endemi kumparannews"
"Positif,saksi upacara an gubernur nakes pasien covid siar virtual moga spirit upacara ingat ulang republik indonesia kuat bebas pandemi merdeka ri"
"Negatif,salah cek fakta mitos covid varian omicron"
"Positif,salam sehat sobatkriskes update cangkup vaksinasi covid tgl pkl wib covid disiplin m lupa vaksinasi covid mari cipta herd immunity stay safe sayang keluarga"
"Positif,alam sehat sobatkriskes update situasi covid tgl pkl wib covid ayo kendor disiplin m pakai masker cuci tangan dgn sabun minimal detik jaga jarak minimal meter stay safe sayang keluarga"
"Negatif,samaaa gak bohong skrg nang kucing udh umur kucing pertama yg dmn covid yg msh pjj cm yg nemenin skrg ruang rmh keinget kucing yg hilang langsung nang gatau cari dmn"
"Positif,satgas covid idi jamin vaksin booster aman efek samping"
"Positif,satgas covid ketat pintu masuk kota ternate"
"Positif,satgas tangan vaksinasi covid pulau bangka belitung sunti vaksin booster vaksin warga terima vaksin dosis ayodukungkemajuannkri"
"Positif,satpol pp kabupaten grobogan patroli awas ppkm level protkes kendali covid wilayah kota purwodadi senin tanggal februari"
"Negatif,sebar covid varian omicron tanah air tingkat cepat vaksinasi ketat protokol sehat tanah air"
"Negatif,sedih bgt circle gue yg kena covid dkt get well soon moga lekas negatif smuanya"
"Negatif,sekolah klaster covid kendari ptm henti"
"Positif,selamat pagi salam prokes salam sehat salam olahraga salam skj lupa senam skj anti covid omicron hindar covid omicron terima kasih"
"Negatif,selamat pagi wargi bandung banget mitos edar putar covid varian omicron timbul khawatir mimin kasih info nih yuk cek postingan wargi beda mitos fakta omicron"
"Negatif,selamatpagijogja tribun jogja diy masuk puncak covid"
"Negatif,sembuh covid tuh badan lemes g nafsu makan sehat ya anak cantik"
"Negatif,serta tanding basikal tu masalah asik sibuk je nak serta tu yg pergi pulau tioman tu ni kat demik covid nak pergi resort sayang sayang je suka jela"
"Negatif,siasat anjlok okupansi akibat covid hotel solo buka layan cuci mobil"
"Positif,sih pakai masker tular utama covid butir cair droplet salur napas lontar bicara nyanyi batuk bersin guna masker cegah droplet hirup masuk tubuh"
"Positif,sinergitas tni polri disiplin prokes bagi masker gratis rangka cegah sebar covid langkah polsek rancaekek pandemi covid menghimbau protokol sehat bagi masker gratis"
"Negatif,siswa guru konfirmasi covid sma ponorogo lockdown"
"Positif,situasi arus lintas pagi simpang batalyon singaraja pantau arus lintas kendali lancar hati lintas selamat utama patuh protokol sehat covid"
"Positif,sobatrupiah stabilitas makroekonomi global tahan pandemi covid pulih"
"Negatif,sorot dokter gigi papar covid tindak pol gigi puskesmas depok iii tunda"
"Positif,statistik vaksinasi negeri sabah patuh sop fasa penguatkuasaan sop air negeri sabah ronda agen basmi covid abc pantau patuh sop"
"Negatif,status positif covid aplikasi pedulilindungi hilang"
"Negatif,stop covid jaga m nusantara satu indonesia"
"Negatif,sumut catat tinggi covid pemprov buka isolasi pusat"
"Positif,swab tes antigen rutin upaya akbp andi sinjaya mitigasi covid polres situbondo"
"Positif,tangerang februari rujuk data website covid resmi perintah kota tangerang dasar data dinas sehat kota tangerang lengkap kotatangerang updatecorona covid waspadabolehpanikjangan"
"Positif,tekan risiko covid menkes budi gunadi sadikin imbau masyarakat lengkap vaksinasi covid"
"Positif,tekan risiko covid menkes imbau masyarakat lengkap vaksinasi covid ulang terus vaksin vaksin lengkap minimal kali menkes sidangkabinet"
"Negatif,teliti covid ganggu fungsi reproduksi pria hubung covid kondisi testis teliti"
"Positif,tenaga sehat nakes tolong sunti tiga presiden arah percepatvaksinomicron"
"Positif,terampil ajar bidan tekan pandemi covid"
"Positif,terima vaksinasi covid hari februari"
"Negatif,tiga pandemi covid lelah psikologis bikin tangan kendor"
"Negatif,tim satgas lurah kampuri tracing warga papar covid"
"Negatif,tindak persipura udah bagus sih kalo jadi nggak egois paksa main kurang sebar covid paksa main aja aneh"
"Positif,tips cepat sembuh covid varian omicron"
"Positif,transparansi anggar dana ormas gak hutang perintah pusat bangun stadion citra jis dana pen ngemis dubes jaring kali item korupsi dana bansos dana covid dki"
"Negatif,tunda tanding persipura jayapura madura united jadwal tanding wib resmi tunda main ofisial nyata positif covid jaga patuh prokes ya"
"Negatif,udah nungguin chat wa isoman dapet ya salur yg hubung whatsapp email sertifikat id hotline covid ext serta nama lengkap nik kendala ya semangat sembuh juang negatif"
"Positif,upaya antisipasi lonjak covid gelar motogp mandalika ayodukungkemajuannkri"
"Positif,update cakup vaksinasi covid indonesia ayovaksin vaksinasi"
"Positif,update capai vaksinasi covid ri februari tambah"
"Positif,update covid dki senin aktif turun tinggal dunia orang"
"Positif,update data pandemi covid kabupaten bandung senin februari tanda naik turun info lengkap kontak dinkes kab bandung hotline covid"
"Positif,update situasi covid vaksinasi kabupaten deli serdang senin februari call center covid kabupaten deli serdang deliserdangcegahcovid tetapterapkanm ayovaksin"
"Positif,update statistik covid kota bandung tanggal februari halo wargi bandung update data covid data vaksinasi kota bandung wargi bandung jaga sehat patuh protokol sehat ya pandemi"
"Positif,usaha cegah tangan tular virus covid wilayah camat tembuku tni ad disiplinprokes vaksinasicovid bersamarakyattnikuat infobabinsa"
"Negatif,usaha migas global yg rugi akibat pandemi covid saudi aramco shell exxonmobil petronas dgn pertamina"
"Negatif,usaha migas global yg rugi akibat pandemi covid saudi aramco shell exxonmobil petronas dgn pertamina pimpin nicke widyawati pertamina hasil catat kerja uang positif"
"Positif,vaksin bukti ampuh kurang tingkat parah covid nusantara satu indonesia"
"Positif,vaksinasi covid booster aman individu kelompok rentan vaksinyuk"
"Positif,vaksinasi covid lansia kelompok usia rentan inveksi virus corona"
"Positif,aksinasi disiplin prokes kunci cegah tular covid nusantara satu indonesia"
"Positif,varian covid omicron milik ciri khas sakit tenggorok laju tular cepat tembus tahan antibodi orang sudha vaksin"
"Negatif,varian hiv ganas tular temu belanda temu kode merah pandemi covid"
"Negatif,varian omicron dominasi pasien covid dr reisa syukur ringan risiko"
"Negatif,viral beli minyak goreng wajib serta bukti vaksin satgas covid"
"Positif,wakapolsek metro jaring unsur pilar laksana giat himbauan protokol sehat bagi masker gratis masyarakat rangka cegah sebar covid"
"Positif,wakil gubernur jawa inisiasi gedor lakon gera donor plasma konvalesen ajak tokoh masyarakat mang perintah sembuh covid donor plasma konvalesen contoh masyarakat"
"Positif,wali kota batu dewanti rumpoko perintah desa lurah peran aktif tangan covid"
"Negatif,warna hitam pedulilindungi ubah seringkali muncul masyarakat papar covid nyata sembuh"
"Negatif,ya allah selamat virus jahat covid ni"
"Positif,yes pandemi covid salah utama naik harga komoditas tani gak kedelai faktor labour raw material shortage tinggi cost angkut laut faktor naik harga"
"Negatif,yg parah kali sali pergi cepat covid marah bayang anda covid pisah ga sakit ucap selamat tinggal"
